INSERT INTO version (version_name, date_from, date_to) VALUES("v0.1", "2021-02-22 15:45:00", "2021-03-01 13:30:00");
INSERT INTO version (version_name, date_from, date_to) VALUES("v1.0", "2021-03-03 15:45:00", "2021-03-10 13:30:00");
INSERT INTO version (version_name, date_from, date_to) VALUES("v1.1", "2021-03-10 15:45:00", "2021-03-17 13:30:00");
INSERT INTO version (version_name, date_from, date_to) VALUES("v1.2", "2021-03-17 15:45:00", "2021-03-24 13:30:00");
INSERT INTO version (version_name, date_from, date_to) VALUES("v2.0", "2021-03-24 15:45:00", "2021-04-07 13:30:00");
INSERT INTO version (version_name, date_from, date_to) VALUES("v2.1", "2021-04-07 15:45:00", "2021-04-28 13:30:00");
INSERT INTO version (version_name, date_from, date_to) VALUES("v2.2", "2021-04-28 15:45:00", "2021-05-10 13:30:00");
INSERT INTO version (version_name, date_from, date_to) VALUES("v2.3", "2021-05-10 15:45:00", "2021-05-17 13:30:00");
INSERT INTO version (version_name, date_from, date_to) VALUES("v3.0", "2021-05-17 15:45:00", "2021-05-31 13:30:00");
INSERT INTO version (version_name, date_from, date_to) VALUES("v2.4", "2021-05-31 15:45:00", "2021-06-09 13:30:00");

INSERT INTO users (git_username, name, surname) VALUES("andrekwr", "ANDRÉ", "ELIMELEK DE WEBER");
INSERT INTO users (git_username, name, surname) VALUES("beatrizmie", "BEATRIZ", "MIE K. KUWABARA");
INSERT INTO users (git_username, name, surname) VALUES("BrunoSDomingues", "BRUNO", "SIGNORELLI DOMINGUES");
INSERT INTO users (git_username, name, surname) VALUES("CaioFauza", "CAIO", "HORSCHUTZ FAUZA");
INSERT INTO users (git_username, name, surname) VALUES("emanuellemoco", "EMANUELLE", "SILVA MOÇO");
INSERT INTO users (git_username, name, surname) VALUES("evandrofr", "EVANDRO", "FONTANA ROMEIRO");
INSERT INTO users (git_username, name, surname) VALUES("gabrielzezze", "GABRIEL", "FRIGO ZEZZE");
INSERT INTO users (git_username, name, surname) VALUES("gDuarteg", "GABRIEL", "MAGALHÃES DUARTE");
INSERT INTO users (git_username, name, surname) VALUES("gabrielnoal", "GABRIEL", "NOAL OLIVA");
INSERT INTO users (git_username, name, surname) VALUES("gabrielztk", "GABRIEL", "ZANETTI TRAUMULLER KAWALL");
INSERT INTO users (git_username, name, surname) VALUES("gabicaruso", "GABRIELA", "IANNINI CARUSO");
INSERT INTO users (git_username, name, surname) VALUES("gicabral", "GIOVANNA", "SARDELLA CABRAL");
INSERT INTO users (git_username, name, surname) VALUES("guidiamond", "GUILHERME", "TEIXEIRA BATISTA");
INSERT INTO users (git_username, name, surname) VALUES("Gustavobb", "GUSTAVO", "BELTRÃO BRAGA");
INSERT INTO users (git_username, name, surname) VALUES("gubenites", "GUSTAVO", "MOLINA FRENEDA BENITES");
INSERT INTO users (git_username, name, surname) VALUES("HenryRocha", "HENRY", "FURQUIM ROCHA");
INSERT INTO users (git_username, name, surname) VALUES("joaopmjm", "JOÃO", "PEDRO MONTEFELTRO JUNQUEIRA MEIRELLES");
INSERT INTO users (git_username, name, surname) VALUES("JoaoVictorRodrigues", "JOÃO", "VICTOR RODRIGUES SILVA");
INSERT INTO users (git_username, name, surname) VALUES("zMendes", "LEONARDO", "MENDES DE MORAES");
INSERT INTO users (git_username, name, surname) VALUES("lucafs", "LUCA", "FARAH DOS SANTOS");
INSERT INTO users (git_username, name, surname) VALUES("lucaslealvale", "LUCAS", "LEAL VALE");
INSERT INTO users (git_username, name, surname) VALUES("lucasmuchaluat", "LUCAS", "MUCHALUAT MOREIRA");
INSERT INTO users (git_username, name, surname) VALUES("luvi01", "LUIZ", "VITOR GERMANOS TEIXEIRA");
INSERT INTO users (git_username, name, surname) VALUES("luizasilveira", "LUIZA", "RODRIGUES SILVEIRA");
INSERT INTO users (git_username, name, surname) VALUES("manucastilla", "MANUELA", "CASTILLA RUSSO CORREA");
INSERT INTO users (git_username, name, surname) VALUES("mariaeduardabicalho", "MARIA", "EDUARDA PEPPES BICALHO");
INSERT INTO users (git_username, name, surname) VALUES("Pellizzon", "MATHEUS", "PELLIZZON");
INSERT INTO users (git_username, name, surname) VALUES("mayrapeter", "MAYRA", "PETER DA ROCHA LOURES");
INSERT INTO users (git_username, name, surname) VALUES("mikomoares", "MICHEL", "JOSÉ HANOCH VIEIRA DE MORAES");
INSERT INTO users (git_username, name, surname) VALUES("phdaher", "PEDRO", "HENRIQUE CARVALHO DAHER");
INSERT INTO users (git_username, name, surname) VALUES("pedr0luiz", "PEDRO", "LUIZ DA COSTA BRAGA");
INSERT INTO users (git_username, name, surname) VALUES("pedromtelho", "PEDRO", "PAULO MENDONÇA TELHO");
INSERT INTO users (git_username, name, surname) VALUES("pedrotramos", "PEDRO", "TEÓFILO RAMOS");
INSERT INTO users (git_username, name, surname) VALUES("fontes99", "PEDRO", "VERO FONTES");
INSERT INTO users (git_username, name, surname) VALUES("slimkaki", "RAFAEL", "ALVES DE MELLO ALMADA");
INSERT INTO users (git_username, name, surname) VALUES("4rfel", "RAFAEL", "DOS SANTOS");
INSERT INTO users (git_username, name, surname) VALUES("RaphaelAzev", "RAPHAEL", "DE LUCA DE AZEVEDO");
INSERT INTO users (git_username, name, surname) VALUES("RogerPina2", "ROGER", "RIBEIRO FAVA PINA");
INSERT INTO users (git_username, name, surname) VALUES("thiagoverardo", "THIAGO", "VERARDO COSTA DOS SANTOS");
INSERT INTO users (git_username, name, surname) VALUES("thomasqueirozb", "THOMAS", "DE QUEIROZ BARROS SCHNEIDER");
INSERT INTO users (git_username, name, surname) VALUES("vitorcm2", "VITOR", "CALCETE MARQUES");
INSERT INTO users (git_username, name, surname) VALUES("VFermat", "VITOR", "GRANDO ELLER");
INSERT INTO users (git_username, name, surname) VALUES("WarlenRodrigues", "WARLEN", "CÉSAR RODRIGUES FILHO");

INSERT INTO repository (git_username, repository_name, language, compiled, program_call) VALUES("andrekwr", "compiler", "python", 0, "python3 calculator.py");
INSERT INTO repository (git_username, repository_name, language, compiled, program_call) VALUES("beatrizmie", "Projeto_Compilador", "python", 0, "python3 main.py");
INSERT INTO repository (git_username, repository_name, language, compiled, program_call) VALUES("BrunoSDomingues", "Compiler", "python", 0, "python3 main.py");
INSERT INTO repository (git_username, repository_name, language, compiled, program_call) VALUES("CaioFauza", "LogicaComp", "python", 0, "python3 main.py");
INSERT INTO repository (git_username, repository_name, language, compiled, program_call) VALUES("emanuellemoco", "Compilador", "python", 0, "python3 main.py");
INSERT INTO repository (git_username, repository_name, language, compiled, program_call) VALUES("evandrofr", "Logica-da-Computacao", "python", 0, "python3 main.py");
INSERT INTO repository (git_username, repository_name, language, compiled, program_call) VALUES("gabrielzezze", "computing-logic-compiler", "python", 0, "python3 main.py");
INSERT INTO repository (git_username, repository_name, language, compiled, program_call) VALUES("gDuarteg", "logica-compilador", "python", 0, "python3 main.py");
INSERT INTO repository (git_username, repository_name, language, compiled, program_call) VALUES("gabrielnoal", "logica-computacao", "python", 0, "python3 /src/main.py");
INSERT INTO repository (git_username, repository_name, language, compiled, program_call) VALUES("gabrielztk", "LogiComp2021.1-Compilador", "python", 0, "python3 main.py");
INSERT INTO repository (git_username, repository_name, language, compiled, program_call) VALUES("gabicaruso", "LogicaComp", "python", 0, "python3 main.py");
INSERT INTO repository (git_username, repository_name, language, compiled, program_call) VALUES("gicabral", "Logica-Computacao", "python", 0, "python3 main.py");
INSERT INTO repository (git_username, repository_name, language, compiled, program_call) VALUES("guidiamond", "logica_da_computacao", "python", 0, "python3 main.py");
INSERT INTO repository (git_username, repository_name, language, compiled, program_call) VALUES("Gustavobb", "Logica", "python", 0, "python3 main.py");
INSERT INTO repository (git_username, repository_name, language, compiled, program_call) VALUES("gubenites", "logicaComp", "python", 0, "python3 main.py");
INSERT INTO repository (git_username, repository_name, language, compiled, program_call) VALUES("HenryRocha", "logcomp-compilador", "python", 0, "python3 main.py");
INSERT INTO repository (git_username, repository_name, language, compiled, program_call) VALUES("joaopmjm", "LogComp2021.1", "python", 0, "python3 main.py");
INSERT INTO repository (git_username, repository_name, language, compiled, program_call) VALUES("JoaoVictorRodrigues", "LogComp", "python", 0, "python3 nan");
INSERT INTO repository (git_username, repository_name, language, compiled, program_call) VALUES("zMendes", "compiler", "python", 0, "python3 main.py");
INSERT INTO repository (git_username, repository_name, language, compiled, program_call) VALUES("lucafs", "Compilador-L-gica", "python", 0, "python3 main.py");
INSERT INTO repository (git_username, repository_name, language, compiled, program_call) VALUES("lucaslealvale", "compilador", "python", 0, "python3 main.py");
INSERT INTO repository (git_username, repository_name, language, compiled, program_call) VALUES("lucasmuchaluat", "LogicaComputacao", "python", 0, "python3 main.py");
INSERT INTO repository (git_username, repository_name, language, compiled, program_call) VALUES("luvi01", "Compilador", "python", 0, "python3 main.py");
INSERT INTO repository (git_username, repository_name, language, compiled, program_call) VALUES("luizasilveira", "LogicaComp", "python", 0, "python3 main.py");
INSERT INTO repository (git_username, repository_name, language, compiled, program_call) VALUES("manucastilla", "roteiros_logicaComputacao", "python", 0, "python3 main.py");
INSERT INTO repository (git_username, repository_name, language, compiled, program_call) VALUES("mariaeduardabicalho", "CompiladorLogica", "python", 0, "python3 main.py");
INSERT INTO repository (git_username, repository_name, language, compiled, program_call) VALUES("Pellizzon", "LogicaDaComputacao", "python", 0, "python3 main.py");
INSERT INTO repository (git_username, repository_name, language, compiled, program_call) VALUES("mayrapeter", "roteirosLogComp", "python", 0, "python3 main.py");
INSERT INTO repository (git_username, repository_name, language, compiled, program_call) VALUES("mikomoares", "LogicaDaComputacaoRoteiros", "python", 0, "python3 compilador.py");
INSERT INTO repository (git_username, repository_name, language, compiled, program_call) VALUES("phdaher", "logi-comp", "python", 0, "python3 calculator.py");
INSERT INTO repository (git_username, repository_name, language, compiled, program_call) VALUES("pedr0luiz", "compilador-logica-da-computacao", "python", 0, "python3 main.py");
INSERT INTO repository (git_username, repository_name, language, compiled, program_call) VALUES("pedromtelho", "logica-da-computacao", "python", 0, "python3 main.py");
INSERT INTO repository (git_username, repository_name, language, compiled, program_call) VALUES("pedrotramos", "LogComp", "python", 0, "python3 main.py");
INSERT INTO repository (git_username, repository_name, language, compiled, program_call) VALUES("fontes99", "compiler", "python", 0, "python3 main.py");
INSERT INTO repository (git_username, repository_name, language, compiled, program_call) VALUES("slimkaki", "LogicaComp", "python", 0, "python3 main.py");
INSERT INTO repository (git_username, repository_name, language, compiled, program_call) VALUES("4rfel", "compilador", "python", 0, "python3 calculator.py");
INSERT INTO repository (git_username, repository_name, language, compiled, program_call) VALUES("RaphaelAzev", "CompiladorLogica2021", "python", 0, "python3 calculadora.py");
INSERT INTO repository (git_username, repository_name, language, compiled, program_call) VALUES("RogerPina2", "7-logica-da-computacao", "python", 0, "python3 main.py");
INSERT INTO repository (git_username, repository_name, language, compiled, program_call) VALUES("thiagoverardo", "LogComp", "python", 0, "python3 main.py");
INSERT INTO repository (git_username, repository_name, language, compiled, program_call) VALUES("thomasqueirozb", "logik", "rust_cargo", 0, "cargo run /src/main.rs");
INSERT INTO repository (git_username, repository_name, language, compiled, program_call) VALUES("vitorcm2", "LogDaComp", "python", 0, "python3 main.py");
INSERT INTO repository (git_username, repository_name, language, compiled, program_call) VALUES("VFermat", "logcomp-compilador-2021", "python", 0, "python3 main.py");
INSERT INTO repository (git_username, repository_name, language, compiled, program_call) VALUES("WarlenRodrigues", "logica_computacional", "python", 0, "python3 main.py");